{
  "accuracy": 0.8441666666666666,
  "precision": 0.8440113087038414,
  "recall": 0.8441666666666666,
  "f1_score": 0.8440774246342108,
  "labels": [
    "HIGH",
    "LOW",
    "MEDIUM"
  ],
  "feature_order": [
    "ph",
    "turbidity",
    "temperature",
    "ecoli",
    "number_of_symptom_reports",
    "population_density",
    "rainfall"
  ]
}